"","time_ser..1..60","hydrograph"
"1",15,5.4924617446281
"2",30,8.59094214454826
"3",45,10.8459408672957
"4",60,9.78254440624364
"5",75,7.20830416917558
"6",90,2.65274920090352
