"","Q_of_each_manhole","ti_of_each_manhole"
"1",0.005524983667238,12.5795749729511
"2",0.0130495744383458,56.1487789021178
"3",0.0173176778872502,68.5403183890997
"4",0.0142397144956554,80.9024939048705
"5",0.00765931945572772,100.919138608036
"6",0.0233861868975747,126.715535265943
"7",0.00506701739716834,9.72930784270186
"8",0.00334040759492653,9.37531302367682
